light_weight_0,step_choke_medium,3.237832944640624e-05,LeakyReLU,5,5,10,64,200,4,0.001,0.1
light_weight_0,step_choke_low,0.0032295044511556625,LeakyReLU,5,5,10,64,200,4,0.001,0.1
light_weight_0,step_choke_high,6.938465854286083e-05,LeakyReLU,5,5,10,64,200,4,0.001,0.1
light_weight_0,random_walk_short,0.00014333675305048624,LeakyReLU,5,5,10,64,200,4,0.001,0.1
light_weight_0,mixed_ramp_short,3.641018732409449e-08,LeakyReLU,5,5,10,64,200,4,0.001,0.1
light_weight_0,multiple_steps_interval100,1.277793593804485e-06,LeakyReLU,5,5,10,64,200,4,0.001,0.1
